<?xml version="1.0" encoding="UTF-8"?>
<project-private xmlns="http://www.netbeans.org/ns/project-private/1">
    <editor-bookmarks xmlns="http://www.netbeans.org/ns/editor-bookmarks/2" lastBookmarkId="0"/>
    <open-files xmlns="http://www.netbeans.org/ns/projectui-open-files/2">
        <group>
            <file>file:/C:/Users/Rose%20Maria%20James/OneDrive/Documents/NetBeansProjects/Loginapp1/src/LoginForm.java</file>
            <file>file:/C:/Users/Rose%20Maria%20James/OneDrive/Documents/NetBeansProjects/Loginapp1/src/home.java</file>
            <file>file:/C:/Users/Rose%20Maria%20James/OneDrive/Documents/NetBeansProjects/Loginapp1/src/NewJFrame1.java</file>
            <file>file:/C:/Users/Rose%20Maria%20James/OneDrive/Documents/NetBeansProjects/Loginapp1/src/NewJFrame2.java</file>
            <file>file:/C:/Users/Rose%20Maria%20James/OneDrive/Documents/NetBeansProjects/Loginapp1/src/NewJFrame3.java</file>
            <file>file:/C:/Users/Rose%20Maria%20James/OneDrive/Documents/NetBeansProjects/Loginapp1/src/NewJFrame4.java</file>
        </group>
    </open-files>
</project-private>
